tag,filename,sha256,scanned,malicious,suspicious,undetected,harmless
v6.13.0,repomatic-6.13.0-linux-arm64.bin,3b946976780d2b85862433fbc7a8a18629968cd7ef00ecf46430f9b3a588dd29,2026-04-15,0,0,54,0
v6.13.0,repomatic-6.13.0-linux-x64.bin,920708d097be1632a5157a67fa0eba983efabbe7ebd3a10db0d8b42b87f9d9ef,2026-04-15,0,0,65,0
v6.13.0,repomatic-6.13.0-macos-arm64.bin,8878737d629831921b60275ced402e289197e24074ec6053a6a6ed8d99e93be1,2026-04-15,3,0,60,0
v6.13.0,repomatic-6.13.0-macos-x64.bin,6df4f45c18c420420b0db7d366f58b34ae0b3993967567220e470d6f62a94be4,2026-04-15,1,0,61,0
v6.13.0,repomatic-6.13.0-windows-arm64.exe,ec54a0111ebf857e597def4288e2ae595d2804062484118ab8a4e0e3c5b2f4f2,2026-04-15,2,0,63,0
v6.13.0,repomatic-6.13.0-windows-x64.exe,4c74d167c293cf236ccd3c0ae5f5bc67821f3cae2a7fe489b8892db0f2646917,2026-04-15,20,0,50,0
v6.14.0,repomatic-6.14.0-linux-arm64.bin,da651b8584f8be6dae8eacc3009a0e8ea405f38b450d81c134b8b1e8126bfaf5,2026-04-20,0,0,64,0
v6.14.0,repomatic-6.14.0-linux-x64.bin,b8cf4c0bc821a7613a023c2ebcb3a4a4131c578dd2a754b7bf7cfbf9d61a4b68,2026-04-20,0,0,65,0
v6.14.0,repomatic-6.14.0-macos-arm64.bin,a3acc1dd001d1e558c717ddeab89ccb15c7d43151e39a375282034b30d8aeab5,2026-04-20,4,0,59,0
v6.14.0,repomatic-6.14.0-macos-x64.bin,d724680ab46fea4eb1ba4f8dfda21830efbd22e5faf7371398e5f70f8c79d9cd,2026-04-20,2,0,62,0
v6.14.0,repomatic-6.14.0-windows-arm64.exe,57473d84f6f9c2d374d46dca629e72fd96c1ab8e978d0980db1cb98ca6884223,2026-04-20,2,0,65,0
v6.14.0,repomatic-6.14.0-windows-x64.exe,ff0afc8e42c61aef6b04b7d1601d4eea4d785767c52f7ed0e9116bffce0c4190,2026-04-20,24,0,47,0
v6.15.0,repomatic-6.15.0-linux-arm64.bin,d1a89b354c7d5b4257369b50a6b6a8e19b8330e0197c304d2293de2541921c66,2026-04-27,0,0,63,0
v6.15.0,repomatic-6.15.0-linux-x64.bin,d8465f30112cf314decd1008e394eae0ea791399add881bcada2c30265031157,2026-04-27,0,0,64,0
v6.15.0,repomatic-6.15.0-macos-arm64.bin,2ca2273febaeffd2b5ef764edb22080a3f6e0242214fddba5e1b1685e1f3c6cf,2026-04-27,4,0,58,0
v6.15.0,repomatic-6.15.0-macos-x64.bin,aaa608010824a8b1a29930d4f900252d68eaca21b39d17911719836fbbd60e78,2026-04-27,2,0,61,0
v6.15.0,repomatic-6.15.0-windows-arm64.exe,373162997522c1e75e20cb8cee6e655a5cdb6ede5e87e770e75569fce92116c1,2026-04-27,1,0,68,0
v6.15.0,repomatic-6.15.0-windows-x64.exe,e664e6a6ddc6f7b1167748a69174fbcdecc654968ebbab71cfc9350b96ae0875,2026-04-27,23,0,48,0
v6.16.0,repomatic-6.16.0-linux-arm64.bin,1c606a11aff26b8d60b9fe85b16e1385e2682cdf940a42ff7c8e528ca7409519,2026-04-29,0,0,63,0
v6.16.0,repomatic-6.16.0-linux-x64.bin,bcf1a618b2640661e99b55a679f912000e450108c7a5795418ffb4868abbdb53,2026-04-29,0,0,64,0
v6.16.0,repomatic-6.16.0-macos-arm64.bin,369af748543034b7cdaf93b6407e3b95f51a56d200eb57947c210a15bf22724d,2026-04-29,4,0,58,0
v6.16.0,repomatic-6.16.0-macos-x64.bin,5bf100092d8bbf694c767dcb2ee94f1de56c17aee3877dbd2dd2f0ca171ebf6d,2026-04-29,2,0,61,0
v6.16.0,repomatic-6.16.0-windows-arm64.exe,f2e6983424d73f3b353694fd60fb85743f941dcb8d34e13894e3d995fb86bc40,2026-04-29,1,0,68,0
v6.16.0,repomatic-6.16.0-windows-x64.exe,33b225e4485668fc6c3868fbc6b680bbc198a9ef9e1547aa4df4542a2ffcb5f7,2026-04-29,23,0,48,0
v6.17.0,repomatic-6.17.0-linux-arm64.bin,b69ded8526f540148d618d107da16db872d9e223b2cae5b604fd0f514c2fde63,2026-05-04,0,0,62,0
v6.17.0,repomatic-6.17.0-linux-x64.bin,b0f7c50685f2d9bd789016af95e7e42e362ebf45b3c107987b6df997074b59ae,2026-05-04,0,0,63,0
v6.17.0,repomatic-6.17.0-macos-arm64.bin,ed9637e0418250a7a18678f2e37911c2e9f82d9d314ae61eb83b1b5182d83431,2026-05-04,3,0,58,0
v6.17.0,repomatic-6.17.0-macos-x64.bin,8da3c2a090f2c6e8aa6134c068e692baee7a9a49fa048eb751997832f49b05e8,2026-05-04,1,0,60,0
v6.17.0,repomatic-6.17.0-windows-arm64.exe,28def531be8044887ffa5165fee9426c6cc616e9c79704df02aa5e7050663ce3,2026-05-04,0,0,65,0
v6.17.0,repomatic-6.17.0-windows-x64.exe,38d6a425dbfccd8d7bb96d69c19eb09d80745a70b9dd88ed16c802f66f437145,2026-05-04,24,0,46,0
v6.18.0,repomatic-6.18.0-linux-arm64.bin,72a4e911859140013e7583731c68458305218b692f50d14e3231645d6563c016,2026-05-07,0,0,62,0
v6.18.0,repomatic-6.18.0-linux-x64.bin,b97eb5ac9d9ad7674d04000a8539e095b772e0e39c0ffa0c4d96c7b09633e905,2026-05-07,0,0,63,0
v6.18.0,repomatic-6.18.0-macos-arm64.bin,8facf44b83ba56ee8dac7e438f276e45ad3f654d766cd2fd30299c899ec6cfce,2026-05-07,4,0,57,0
v6.18.0,repomatic-6.18.0-macos-x64.bin,bac8392cef57fb09b635b29991c9e64a09886daa6e2b8f75c89210745178b114,2026-05-07,1,0,61,0
v6.18.0,repomatic-6.18.0-windows-arm64.exe,66669fb661d4006d42b5605b3cbd21c74dab3c9f722acbc38b81f53fce82eb32,2026-05-07,0,0,65,0
v6.18.0,repomatic-6.18.0-windows-x64.exe,e12df67cba72d506823148be5add7bf2ff4d27263ea5c7eecdcf61b305b120e0,2026-05-07,23,0,46,0
v6.18.1,repomatic-6.18.1-linux-arm64.bin,640fd73bf0c0c6c26b78411d63cb3deeb8a8d25d219b6904019755e7f1c18813,2026-05-08,0,0,61,0
v6.18.1,repomatic-6.18.1-linux-x64.bin,5272a621c9779cbc4405fd108fce397182152bd270dd8bca6061004e8413e4b2,2026-05-08,0,0,63,0
v6.18.1,repomatic-6.18.1-macos-arm64.bin,6307fa0c9a7504d841b82ba49036a90107d9959d692dd938b6aff3efc79f71f4,2026-05-08,4,0,58,0
v6.18.1,repomatic-6.18.1-macos-x64.bin,e7880203465bf31294ba2c476481b2cc6261442cbacdda702b2d807821e2231e,2026-05-08,1,0,60,0
v6.18.1,repomatic-6.18.1-windows-arm64.exe,825cd91f177243bea7a15a92a0ceb68a6a7d191748eeddb560e1aa7d5505a9dc,2026-05-08,1,0,66,0
v6.18.1,repomatic-6.18.1-windows-x64.exe,2b8c9af0aa0cdceb18e6de77dfbd0a08ac3bf1036da9918708a978b125de0482,2026-05-08,22,0,48,0
v6.18.2,repomatic-6.18.2-linux-arm64.bin,2ad16bf0873fb112f61ba285138400470f78a3bad8dbd203b66c2f1e81e9869d,2026-05-08,0,0,62,0
v6.18.2,repomatic-6.18.2-linux-x64.bin,028e2f9059e3417e59b17a65006e5f3c92855cd7bc57188dcbb8718cd2dcfe3a,2026-05-08,0,0,61,0
v6.18.2,repomatic-6.18.2-macos-arm64.bin,4530eb242cb74ebddadd04edcd3c1081cf672032bbefff17517e6ab7daba5eb6,2026-05-08,4,0,57,0
v6.18.2,repomatic-6.18.2-macos-x64.bin,3c89534c2f14bce3c1d7d21de7292c8fb90184d45a727058d74e8d023f2efe53,2026-05-08,1,0,61,0
v6.18.2,repomatic-6.18.2-windows-arm64.exe,b0c11d0b1072e3ca582e69cc754f6de610dca548a0ab6f7c3e1b1823bb84110e,2026-05-08,1,0,67,0
v6.18.2,repomatic-6.18.2-windows-x64.exe,efc730ad1a89f6db181c9b412a35fdfdd53a83f8571a28809f53505b21dc136b,2026-05-08,23,0,48,0
v6.18.3,repomatic-6.18.3-linux-arm64.bin,8fd43675d0200cab10c55b1dbd33aa36448a110a3e394f8c33c094d1e3574413,2026-05-11,0,0,62,0
v6.18.3,repomatic-6.18.3-linux-x64.bin,e1e0e17a072e75981e3e8dab8accee4ff3c2bdd18cb54e0113ad513da5e1282c,2026-05-11,0,0,64,0
v6.18.3,repomatic-6.18.3-macos-arm64.bin,21888a11ee689a1455ca930909b5f95532d33fc42283c39088a820af9f425687,2026-05-11,1,0,61,0
v6.18.3,repomatic-6.18.3-macos-x64.bin,c0cea1326a767752a3e761ad66846ba57a0b2dc230d8510d462292b1fbb1e888,2026-05-11,1,0,61,0
v6.18.3,repomatic-6.18.3-windows-arm64.exe,f47b1fcfbbe43d757f19bc3d6cd511aa141c5865dd7d77149f07981c9031c77e,2026-05-11,1,0,65,0
v6.18.3,repomatic-6.18.3-windows-x64.exe,12fab37f28190ca09507106b6671c50d13566088957c114301459e9133f21615,2026-05-11,6,0,65,0
v6.18.4,repomatic-6.18.4-linux-arm64.bin,69568554bad15e4d50e89b36b494773dd12b73fc0c3ad183334ea84265e58c92,2026-05-14,1,0,62,0
v6.18.4,repomatic-6.18.4-linux-x64.bin,1d313bc0d812830b32fa82b1bd23def157a73ad5a6193ab98c3ee1f95e3ce528,2026-05-14,1,0,63,0
v6.18.4,repomatic-6.18.4-macos-arm64.bin,e26a351bce52b3826293d2e1516400bf16ca125c299453d3a80a7fc7ee91b434,2026-05-14,0,0,62,0
v6.18.4,repomatic-6.18.4-macos-x64.bin,f43343c5e05ceaee341deb7d5a279b5e2f099b27879b0290ac90512ba3e824ad,2026-05-14,1,0,62,0
v6.18.4,repomatic-6.18.4-windows-arm64.exe,b7e561022461d884374a83774b9c613cbfc703dae241fc995251963aacc158c7,2026-05-14,2,0,65,0
v6.18.4,repomatic-6.18.4-windows-x64.exe,acf009514064da7e3c911922663915d008e0dc4c0279d763caecabc047aa1887,2026-05-14,5,0,65,0
v6.19.0,repomatic-6.19.0-linux-arm64.bin,88edccf3737fb1b814466377a215acc2f1a917bc76260e852fa919034941cb98,2026-05-21,1,0,62,0
v6.19.0,repomatic-6.19.0-linux-x64.bin,3504ca88e5a604029250bc349c9f1d7373e112d544d939f765495daf4d669b8d,2026-05-21,0,0,63,0
v6.19.0,repomatic-6.19.0-macos-arm64.bin,3fe8c44bb10efca19da8cf6a6e6ad78be39476bfbd1da956f45994d5c6325dfb,2026-05-21,0,0,61,0
v6.19.0,repomatic-6.19.0-macos-x64.bin,b1e3403279e4ef97f1c546e46ec09bec27b7530ce19a4488f5105845ca702f59,2026-05-21,2,0,61,0
v6.19.0,repomatic-6.19.0-windows-arm64.exe,b0028c48eb2b3aaba80476a7ac7e3d3d05be589258c6e994afa1ce7f690de182,2026-05-21,2,0,67,0
v6.19.0,repomatic-6.19.0-windows-x64.exe,6e5dbb45cea230d2e77a583620dac882798ea2ba65018240c4eace50089a65ff,2026-05-21,5,0,66,0
v6.20.0,repomatic-6.20.0-linux-arm64.bin,12199e5fe57eac18df18e6816d8583fbc80ddf74cb236733292de6793412e77f,2026-05-24,0,0,63,0
v6.20.0,repomatic-6.20.0-linux-x64.bin,dbf2f8b9e810a0dbfe9a86da78dad7115bdd49e913acd8ec35b9f4a6631b133d,2026-05-24,0,0,64,0
v6.20.0,repomatic-6.20.0-macos-arm64.bin,68556858cbc5ef425774234d324ab82a2589e64813367947a43177c6f9498867,2026-05-24,0,0,61,0
v6.20.0,repomatic-6.20.0-macos-x64.bin,c1dd7b9eb86388ebd1bb60ca09de751d0868896b95a592039bc811557bb89e20,2026-05-24,1,0,62,0
v6.20.0,repomatic-6.20.0-windows-arm64.exe,3341110ee8619362c9a74d7f1b9847dfd314f0ae081bed891567cfbda33feb9f,2026-05-24,2,0,66,0
v6.20.0,repomatic-6.20.0-windows-x64.exe,0e23f51e1ec64e1c476d522f0a0462b4451c24f7241645adfa26bc145d829f34,2026-05-24,2,0,60,0
v6.21.0,repomatic-6.21.0-linux-arm64.bin,d454548184f8182b505cc602a493df8db4c630a03bcbbebd853660a3fcc07dc5,2026-05-25,0,0,63,0
v6.21.0,repomatic-6.21.0-linux-x64.bin,1f9c2dd0d8622300559039386530f78c84b970f75020c6c91f07162ddea7f1a3,2026-05-25,1,0,63,0
v6.21.0,repomatic-6.21.0-macos-arm64.bin,464daa87c3125baf7c42f709c7be94208fe49e15ffcc623fee6bbc71a661a770,2026-05-25,0,0,61,0
v6.21.0,repomatic-6.21.0-macos-x64.bin,d636eea3500040ce618752655ce6803594952f385b617bc798d38f7f92f36605,2026-05-25,1,0,61,0
v6.21.0,repomatic-6.21.0-windows-arm64.exe,dba230353629e5ace95288da78437c3b05b3df5d459b083d272e324d65502176,2026-05-25,2,0,67,0
v6.21.0,repomatic-6.21.0-windows-x64.exe,b2fda6a3a8e9d36e747c4f778762c43bea547ee4f84d85b6e16c84cee7d6d030,2026-05-25,3,0,64,0
v6.22.0,repomatic-6.22.0-linux-arm64.bin,82719f645bdfc638a165147b5a4f85205b78994135c4ccb0f829089b79a07415,2026-05-25,0,0,63,0
v6.22.0,repomatic-6.22.0-linux-x64.bin,8726ffc310edd68040c262b7749d83dddab5ae536c0430dc9f3cff3fe314b6ef,2026-05-25,0,0,60,0
v6.22.0,repomatic-6.22.0-macos-arm64.bin,2573a8a4cf1efd28f7d02b4fb0e1094ad4c00575a076356526802c266d8e57fc,2026-05-25,0,0,62,0
v6.22.0,repomatic-6.22.0-macos-x64.bin,5e09ff9c0114d779233eaa481044e6642653cc8e9094e8076fa71aac1b31a706,2026-05-25,0,0,63,0
v6.22.0,repomatic-6.22.0-windows-arm64.exe,506248183b16d5fa948cc72932180a8e4d4c672f2617418242ef2baa3d10221e,2026-05-25,2,0,67,0
v6.22.0,repomatic-6.22.0-windows-x64.exe,454fc6feea725809ee420d0fe285b78ce793f326b6d25ae91e138fa5d71a7216,2026-05-25,3,0,67,0
v6.24.0,repomatic-6.24.0-linux-arm64.bin,25bf6f4141e9c0ddf92c20c676037a3ff90b04269234ec665bf3b99dd1274104,2026-05-28,0,0,57,0
v6.24.0,repomatic-6.24.0-linux-x64.bin,f4d3cb332cae0fafca3428cf114e32ce1da734c9ee7459b482e16a9aea1c981f,2026-05-28,1,0,63,0
v6.24.0,repomatic-6.24.0-macos-arm64.bin,d370c0439ab0a943de83bdce971461bc0786a0deb5c171c947113d733bb0b910,2026-05-28,1,0,61,0
v6.24.0,repomatic-6.24.0-macos-x64.bin,bc13eaa9df5674005472fafa980349a347f61aa3a090c2ea2917bddf7218a380,2026-05-28,2,0,60,0
v6.24.0,repomatic-6.24.0-windows-arm64.exe,debd274f9ea954d860414cb46fd43282de4ab918bbe57ab9602f67eff81ce8c4,2026-05-28,2,0,65,0
v6.24.0,repomatic-6.24.0-windows-x64.exe,9bf874e322c6b5efb9265c2bc99227baed008a66097e2c5da360af4f5f1b1d00,2026-05-28,1,0,69,0
v6.25.0,repomatic-6.25.0-linux-arm64.bin,6cfd654180a73b821bc638a3872cbc69c6c7adc2dd2c88a78130221a8f6f0182,2026-06-13,0,0,62,0
v6.25.0,repomatic-6.25.0-linux-x64.bin,24ea3ec87098e8f8f2ac1a84d471db790e410d2b2cf7ed61f160badd4d00138d,2026-06-13,0,0,62,0
v6.25.0,repomatic-6.25.0-macos-arm64.bin,f123700791b8557680a940f8cdd541d3fd622e9e3fe27aec7b40ad70ca361f28,2026-06-13,1,0,60,0
v6.25.0,repomatic-6.25.0-macos-x64.bin,aefc8b53cc8b8773ace9ba5e0f535241b8a975c72db9a12b1fc26dba1fc197b8,2026-06-13,1,0,59,0
v6.25.0,repomatic-6.25.0-windows-arm64.exe,91d32c214c80b75bcae7da2c2be2f67206ecc26d3cb2aba2db7e4373a2e2d676,2026-06-13,2,0,66,0
v6.25.0,repomatic-6.25.0-windows-x64.exe,23042a0d8f8a6493f127887e01cdc2aca708386d6c47c0be0e3f5e527df0555c,2026-06-13,19,0,51,0
v6.25.1,repomatic-6.25.1-linux-arm64.bin,9cc3215e2df57837878f583a8203db39cd833671c9be546ae9bd466c1ec06f88,2026-06-13,0,0,62,0
v6.25.1,repomatic-6.25.1-linux-x64.bin,e0f9e322dc8f3cb8503d0effb4113d2bcf2efd5f0f1f2bf1ffdfa04a8505206a,2026-06-13,0,0,63,0
v6.25.1,repomatic-6.25.1-macos-arm64.bin,01c000fabd48b0c879a3255bed53d007dc6b647b71dfda56fd56f60436a01302,2026-06-13,2,0,58,0
v6.25.1,repomatic-6.25.1-macos-x64.bin,0f2ce9f18045d309a5cbcbfc7cff976559b6661dc7c0d1eb827f6f521b75ab24,2026-06-13,0,0,60,0
v6.25.1,repomatic-6.25.1-windows-arm64.exe,b1d7b6d287505e9e5c0a070a75ffbc06497c72b12742cd34df7b4e38f7ac7af3,2026-06-13,2,0,61,0
v6.25.1,repomatic-6.25.1-windows-x64.exe,0acd3e495a5d617ce0fe40ef30b2e28a0a51007e815cfbda0f89f4e5f6b596a1,2026-06-13,18,0,52,0
v6.26.0,repomatic-6.26.0-linux-arm64.bin,20214ab30e43588cee152268526a6ef1ff12b19792dc57d657ed20f0d8a27579,2026-06-17,0,0,58,0
v6.26.0,repomatic-6.26.0-linux-x64.bin,6c8f538917f3343c05e15e2c50fdf067e9be90f78b059f2309016076f8b94340,2026-06-17,0,0,63,0
v6.26.0,repomatic-6.26.0-macos-arm64.bin,7fe4599f6e6fa06f35e33e7e2d82b41462b18ab67b30af747b09ea3cd66a4b7c,2026-06-17,1,0,59,0
v6.26.0,repomatic-6.26.0-macos-x64.bin,8820c266365499cbe2c9623befe37cf879ee5479620fb85db8d8882aa331a0b2,2026-06-17,1,0,59,0
v6.26.0,repomatic-6.26.0-windows-arm64.exe,2cef812a2231cec3af27ac3e879449db01c084759008298c4cb2aebbecfb3fce,2026-06-17,2,0,65,0
v6.26.0,repomatic-6.26.0-windows-x64.exe,3dc0faacfe1b498450f0898537731790234d481dfe74e8a2d38225c21b383d95,2026-06-17,18,0,49,0
v6.27.0,repomatic-6.27.0-linux-arm64.bin,3477386b21c0df0a5968c52e8559639d792e8eb726ff7c14f2cb88786e235bb8,2026-06-18,0,0,61,0
v6.27.0,repomatic-6.27.0-linux-x64.bin,618247eb4c29962e8673a41e0553f2004c30a0ba56cb5194ea68f9b2b3ca1bcf,2026-06-18,0,0,63,0
v6.27.0,repomatic-6.27.0-macos-arm64.bin,2bfdcb3d90da5805826e4b4b0bc07c215d150978f4d53a40860d4c71849cbf9c,2026-06-18,2,0,58,0
v6.27.0,repomatic-6.27.0-macos-x64.bin,3464057cba4cabbf8b75f5b37183a949ff8be567392d647e8469ba2a17583612,2026-06-18,1,0,59,0
v6.27.0,repomatic-6.27.0-windows-arm64.exe,2937b532fa190b30ea8dc8501cb63e5777fbcbd5f0fc22a1b20f49357ec8528a,2026-06-18,2,0,65,0
v6.27.0,repomatic-6.27.0-windows-x64.exe,b52a082124108e6e6e7668f21270167137b8badea728c303c6c52ab3ea608482,2026-06-18,15,0,55,0
v6.28.0,repomatic-6.28.0-linux-arm64.bin,22875eb52255d22c8471dbe7a06f3d2ed8a0fc09092e1b5759646943d69311c5,2026-06-19,0,0,61,0
v6.28.0,repomatic-6.28.0-linux-x64.bin,b2ff2d13369240470d68e44582e9602ec121e77c6426103be90f516d6afe3878,2026-06-19,0,0,62,0
v6.28.0,repomatic-6.28.0-macos-arm64.bin,d275f8ffb61900e5236a825e0070498fba5f8173e3ea786287ed0de791a73c79,2026-06-19,1,0,40,0
v6.28.0,repomatic-6.28.0-macos-x64.bin,6eb21635a747a3f06eb7010bbf256039c88ddb4ec90ee2fb04e21089ad054416,2026-06-19,0,0,59,0
v6.28.0,repomatic-6.28.0-windows-arm64.exe,a4262828965c5f05da780fd343d3ab874a349c617f9efcc3adf6a386f1acf3a7,2026-06-19,3,0,64,0
v6.28.0,repomatic-6.28.0-windows-x64.exe,7a542fef36155e09aad1bd263af27c991a621d124eab7e63fbe96a749898690f,2026-06-19,12,0,58,0
v6.28.1,repomatic-6.28.1-linux-arm64.bin,6299fa802b0ac43aed658a8a34b8ba68b8784b1f640915b1a6b8279b41bcc615,2026-06-19,0,0,61,0
v6.28.1,repomatic-6.28.1-linux-x64.bin,a2fe92cc5a4142b7bd1ed623d05738d29232b6d23af6487b20c6fadb35088657,2026-06-19,0,0,62,0
v6.28.1,repomatic-6.28.1-macos-arm64.bin,7a6533f64a94c6233865e35b2a0cb1e1481442a83342d171d22ba0df7658b5ba,2026-06-19,1,0,59,0
v6.28.1,repomatic-6.28.1-macos-x64.bin,2fae5f2732161e046a82971a32427216a423c0446bb41268b39898335550ebf2,2026-06-19,1,0,59,0
v6.28.1,repomatic-6.28.1-windows-arm64.exe,0845a34280ae03b6e3dcb5becbf70165f0c67f2a2deab53b62764354b5fb5316,2026-06-19,3,0,62,0
v6.28.1,repomatic-6.28.1-windows-x64.exe,c7dff27444ec6569e91d47b6885800dbd6ea8759ad10a7a482f803aeef12ff14,2026-06-19,12,0,57,0
v6.29.0,repomatic-6.29.0-linux-arm64.bin,ed377bfbc059d6439b78302f7f7c7a19834ad772e217a19cdb10a7df121f42da,2026-06-22,0,0,60,0
v6.29.0,repomatic-6.29.0-linux-x64.bin,13e5894f5d9c5db9fd82e1acbb39ccff0d6048dd6e336097ce02fafa9fe6b983,2026-06-22,0,0,62,0
v6.29.0,repomatic-6.29.0-macos-arm64.bin,f66d9eb6a354b99d86da0e4c097b098fb536929854542d0fbf2d3bb6f1c86f6e,2026-06-22,1,0,57,0
v6.29.0,repomatic-6.29.0-macos-x64.bin,562aeb6975228124de5cd3a3d11a61797f0f989dc8500df28710e8c19e619d21,2026-06-22,1,0,57,0
v6.29.0,repomatic-6.29.0-windows-arm64.exe,1d0d06245920501a7e85e36342346b642c8634a28dfb8e5555883436a285ea50,2026-06-22,3,0,63,0
v6.29.0,repomatic-6.29.0-windows-x64.exe,8d47575aa2002b6b0399bfa9fa46366bfbaba02178029f451ed90c16f6f141d3,2026-06-22,17,0,51,0
v6.30.0,repomatic-6.30.0-linux-arm64.bin,8b3d82a295491b0cfa9e8f1141794288f705fd9bc5b98f9e8ddde94359d30e81,2026-06-24,0,0,61,0
v6.30.0,repomatic-6.30.0-linux-x64.bin,661418f811b644ab183ef214aeb7d0733d3c565f2da465d8dd19533b5a83946e,2026-06-24,0,0,62,0
v6.30.0,repomatic-6.30.0-macos-arm64.bin,ed96a49453fad606f5ad44d079cce98d7ca9606637820dae0bfbac6b42039276,2026-06-24,1,0,58,0
v6.30.0,repomatic-6.30.0-macos-x64.bin,145c703aebca1942fdedea63d51658a0f83bc28e64f174f529017a5d58521968,2026-06-24,0,0,61,0
v6.30.0,repomatic-6.30.0-windows-x64.exe,cd4d1fcad43a5f8f9b33deb4b884c1f2d19fbd7657111056e397d3a005ffdb26,2026-06-24,13,0,56,0
v6.31.0,repomatic-6.31.0-linux-arm64.bin,4a8cd1c91a410ce3cd782563a994bb7a1942bcff452e5faf09ca9a0800a26fd6,2026-06-27,0,0,62,0
v6.31.0,repomatic-6.31.0-linux-x64.bin,ce237f030021e8679ce7a3aa089cfc8ba609d313578df876da6964db0761de33,2026-06-27,0,0,63,0
v6.31.0,repomatic-6.31.0-macos-arm64.bin,d0b8a64fbb9fd50ff63310ac95c5e092a8d96b1c0f3af404b3da80b9d47153cb,2026-06-27,1,0,60,0
v6.31.0,repomatic-6.31.0-macos-x64.bin,6eb700d55ba4f3a0d88626e95f5ca947ecba1cdf21ff51eb06ac28bda36e624f,2026-06-27,0,0,61,0
v6.31.0,repomatic-6.31.0-windows-arm64.exe,8a2be191e442f38138c4121038dc26e63f6703c14a6a65a4f2f7901566a57e32,2026-06-27,3,0,65,0
v6.31.0,repomatic-6.31.0-windows-x64.exe,c31f288789f754fd118f631bddf7aebb3e6b490a8854bc88839f98e9ee8d37d2,2026-06-27,14,0,56,0
v7.0.0,repomatic-7.0.0-linux-arm64.bin,75826ccdb464c890b2c9045a805d6d2635c74abcfb04677cb115812ef8a69767,2026-07-02,1,0,60,0
v7.0.0,repomatic-7.0.0-linux-x64.bin,fd2dcb6a362c6960da0122721a334e81ef2042f00b0401e76d30153146d88aff,2026-07-02,0,0,63,0
v7.0.0,repomatic-7.0.0-macos-arm64.bin,63c763ba49ee4b29c8e2b6cf059eee3dde32a66501d08ea3643e0691344f7c42,2026-07-02,1,0,57,0
v7.0.0,repomatic-7.0.0-macos-x64.bin,cd945b36ec836be399373ce30ce3427a42d37e6d78a5b62ba205508256b49524,2026-07-02,1,0,60,0
v7.0.0,repomatic-7.0.0-windows-arm64.exe,db40ae96d71ac86a7b3351f95c3dee2c9c186255f0e38122f920a9d22c1be165,2026-07-02,2,0,65,0
v7.0.0,repomatic-7.0.0-windows-x64.exe,ed131a06c56e445e085950bba1ca157b2fc047650608393775e6000f7a8167e4,2026-07-02,15,0,55,0
v7.1.0,repomatic-7.1.0-linux-arm64.bin,68aa82e3607550386ff4f2508b89a01e2cd1d6af4eba1fda12e07e7e80094b42,2026-07-08,1,0,59,0
v7.1.0,repomatic-7.1.0-linux-x64.bin,655a35c6c1a6b5ddacc79f7335649c57775d7f698888b38fc6cbf97390868577,2026-07-08,0,0,63,0
v7.1.0,repomatic-7.1.0-macos-arm64.bin,e8426c7d402446d216af619e979e97a3a0468723d0535e1b869c576bd5795743,2026-07-08,2,0,59,0
v7.1.0,repomatic-7.1.0-macos-x64.bin,bd7f3276b6ec7bd7ef1c9917dc09b3e4121aba1d4d3b735f73206d9df8108e64,2026-07-08,1,0,53,0
v7.1.0,repomatic-7.1.0-windows-arm64.exe,1d0733e96d308c097f527c9ef63e045e8fb0d3725d2d001815a7784d80de80aa,2026-07-08,2,0,64,0
v7.1.0,repomatic-7.1.0-windows-x64.exe,8db7485245db555ebcf93aedcd52392bd6099a857b701bacc4398072d78b05dd,2026-07-08,18,0,50,0
v7.2.0,repomatic-7.2.0-linux-arm64.bin,a168275bc89f4faab2dd13720571925c034f56fe113bf0054622d0a27752f87c,2026-07-16,0,0,62,0
v7.2.0,repomatic-7.2.0-linux-x64.bin,9417746f4389c47301e9529678b1eebdb4b6f65224994db0a13c083468a97884,2026-07-16,0,0,62,0
v7.2.0,repomatic-7.2.0-macos-arm64.bin,59c9d6b23290346705c0de445883e53dfcb6c2f9cf11288dd1b620b35abb34a0,2026-07-16,0,0,61,0
v7.2.0,repomatic-7.2.0-macos-x64.bin,c7d65e854fc880ae10ec936e93a10b148920e91e56fe5e12afa9f97b9a794e15,2026-07-16,0,0,61,0
v7.2.0,repomatic-7.2.0-windows-arm64.exe,fd5d8fa083865b05355c0e7ea3fc5a05662ffaeff91aa254f7282e26703eb531,2026-07-16,2,0,58,0
v7.2.0,repomatic-7.2.0-windows-x64.exe,a68b9c2bb86c3c91bc3db27454c9a4972038276159df430dc6cc84152522fcb1,2026-07-16,20,0,48,0
v7.3.0,repomatic-7.3.0-linux-arm64.bin,4f790257e18b31cb20c7be39884e209ee782dd63f59ffbb616b86b712a8a76cd,2026-07-23,0,0,62,0
v7.3.0,repomatic-7.3.0-linux-x64.bin,030a5df40d62cba86c8d7ec0212404bd0e374fcdb76f4b6e0da95fe33cfc4b1c,2026-07-23,0,0,64,0
v7.3.0,repomatic-7.3.0-macos-arm64.bin,fd74df4124860be6d0846fddc91678d798a37b11cb51ae79d259703335d551e8,2026-07-23,0,0,61,0
v7.3.0,repomatic-7.3.0-macos-x64.bin,cea7255ee2120c0d75ea37c8a112ed3e4489028d22994a8281cee2841e73fc67,2026-07-23,0,0,61,0
v7.3.0,repomatic-7.3.0-windows-arm64.exe,bbb1de1e89d9aa0cf5860c34d55aa2417fd605ded9acaa615896a5d6f373d2c6,2026-07-23,3,0,64,0
v7.3.0,repomatic-7.3.0-windows-x64.exe,59a1a4478d69cfcdc63d012bf804136e4824fa85164568bd7febacdf5bf2af73,2026-07-23,15,0,54,0
v7.3.1,repomatic-7.3.1-linux-arm64.bin,1e03884470ff9ae454273f1cb33cd78f8086d91953ccfd27fc1190f9d009ae1e,2026-07-28,0,0,62,0
v7.3.1,repomatic-7.3.1-linux-x64.bin,1047e4489e374224e90308b907a2b7c03b0cc19e3d071f7fe359ac292f2c5f84,2026-07-28,0,0,63,0
v7.3.1,repomatic-7.3.1-macos-arm64.bin,02b99e89d92a276053c1ae34cd334664bf1f1f939b3e581d35e9c13a38597e97,2026-07-28,1,0,61,0
v7.3.1,repomatic-7.3.1-macos-x64.bin,0e3b20a021c856fffcdb60271077d4d1583824d2deaf8d7cacbe0b1c4e9943b5,2026-07-28,1,0,60,0
v7.3.1,repomatic-7.3.1-windows-arm64.exe,b76ca73cf5f0da847b0fd78f9a5c95f6fa26429f4c32265a6bd83d9bdc09086f,2026-07-28,2,0,65,0
v7.3.1,repomatic-7.3.1-windows-x64.exe,c22336a704f6f470f89b237f1c590e4a7725233eac126520bead39c5c94a86f9,2026-07-28,22,0,46,0
v7.4.0,repomatic-7.4.0-linux-x64.bin,d40ace95c0289756355a7c2cf5bbe04d3d9e4d3f0cb7126d81ad37f1a2443db9,2026-07-31,0,0,63,0
v7.4.0,repomatic-7.4.0-macos-arm64.bin,3ad58cb3b30a403685ddfaa2ba698e63f3af5dc922c7dd61e8ed4c3d8908814d,2026-07-31,1,0,60,0
v7.4.0,repomatic-7.4.0-macos-x64.bin,6d318b25815f0e01b04b2d396961c8fc3738a554e2fb5f088477688950f99cb8,2026-07-31,1,0,56,0
v7.4.0,repomatic-7.4.0-windows-arm64.exe,b4300b197512c6ddeae0d7a4daa1a539eaff496f5461b801210210a06b7350d0,2026-07-31,3,0,61,0
v7.4.1,repomatic-7.4.1-linux-arm64.bin,a15888ade440cb2b70839bd0a9f823b1907a8d94648520ce39daaa124ff7bfa2,2026-08-01,0,0,62,0
v7.4.1,repomatic-7.4.1-linux-x64.bin,4c2b95f68498bcf4d4cf8ca3227918591a313c3fe4bdf02947b1bcef29517ec5,2026-08-01,1,0,62,0
v7.4.1,repomatic-7.4.1-macos-arm64.bin,08d12d30e09067141bc03beb9d7b74aba2710c6b6449350a777031199ecbb876,2026-08-01,0,0,61,0
v7.4.1,repomatic-7.4.1-macos-x64.bin,c959d7a911e152b6ab0f9030ac1c1175fc71ad3cc0620dcd6077971728961402,2026-08-01,0,0,61,0
v7.4.1,repomatic-7.4.1-windows-arm64.exe,88eaa42b6d312d80b97dc254294f142394f17fd0f1ea72b1c79a502fc3b70d30,2026-08-01,3,0,65,0
v7.4.1,repomatic-7.4.1-windows-x64.exe,d83afc14e6015c0f984ca322def23114eba965396aa0ca8f1cab02c2bffc29ce,2026-08-01,21,0,49,0
v7.5.0,repomatic-7.5.0-linux-arm64.bin,999cc3d9b3e82b77c9845efd1c45cc1c5ef18d2645b363e9df3a92249e53d4df,2026-08-07,0,0,62,0
v7.5.0,repomatic-7.5.0-linux-x64.bin,59920f51df5aef4eec6674b83967d0c3e71ec5013336066df89b292a2c946ae9,2026-08-07,1,0,62,0
v7.5.0,repomatic-7.5.0-macos-arm64.bin,70605003c9778d9aed4acb385e9327560bec554ef05cd3b893847d97878cc7bb,2026-08-07,0,0,62,0
v7.5.0,repomatic-7.5.0-macos-x64.bin,6659aa8aad958f3912aa29f3b6b9a70ab6bfeb15c6d2e78577b2cfa2bf28240c,2026-08-07,1,0,59,0
v7.6.0,repomatic-7.6.0-linux-arm64.bin,0d1e5f6e888489449c2741930157fecf031659db09af906e774a284f9c0fb195,2026-08-08,0,0,62,0
v7.6.0,repomatic-7.6.0-linux-x64.bin,811c52a27a722fcbb8c5f6f777a46fbf29c257a92f2c08d404f805d557ae10df,2026-08-08,0,0,60,0
v7.6.0,repomatic-7.6.0-macos-arm64.bin,2272c76b9caa331b909311839e1a19cc69b73cef4f16a355cd8ebdcc193a392a,2026-08-08,1,0,60,0
v7.6.0,repomatic-7.6.0-macos-x64.bin,c403cdd854e8bf33e2d57c44317b85030ebb455b1eb4bc02e82d435536595e16,2026-08-08,1,0,57,0
v7.6.0,repomatic-7.6.0-windows-arm64.exe,01e5fd18b5c8d5c87ff5ab929d7fe3630bd65b3e9943914873dd2786e8b2f8e8,2026-08-08,2,0,66,0
v7.6.0,repomatic-7.6.0-windows-x64.exe,41a3c3be8fb8126a5a0e8164e568f7414ca84a3cfa646b4711e5b65d5a02260a,2026-08-08,21,0,49,0
v7.8.0,repomatic-7.8.0-linux-arm64.bin,461b7b94eea8f152df9b1d80a38a6684076ba74acd1a02976a48bf562c95faf0,2026-08-09,0,0,55,0
v7.8.0,repomatic-7.8.0-linux-x64.bin,62a3dfc7d40164076d5e265431218aaf4c376eb528befd7e61e9126c2ede40a2,2026-08-09,1,0,62,0
v7.8.0,repomatic-7.8.0-macos-arm64.bin,3bb59f67a8614ed742a7b71cfdd58df43161c190c8ae7c1c2c510636c06567a7,2026-08-09,0,0,61,0
v7.8.0,repomatic-7.8.0-macos-x64.bin,65a62a9da0e2b91d4dc5900797cea727e6fb4e5b77e65c3611fa69a01ac9ad61,2026-08-09,1,0,60,0
v7.8.0,repomatic-7.8.0-windows-arm64.exe,d7d67f58cd89aaf9632018512c33b93187dec03ff8ef9ebbdfbb93328c492d2b,2026-08-09,2,0,67,0
v7.8.0,repomatic-7.8.0-windows-x64.exe,fcee5f3ac8100261cb6f475ad7df3146774f163b2080cb8e916dadfd7ad039cd,2026-08-09,19,0,49,0
v7.9.0,repomatic-7.9.0-linux-arm64.bin,1a0543feb74619727a293705e127abd3e6ac1e34495ff35b48b9aefe2a657f1a,2026-08-10,0,0,63,0
v7.9.0,repomatic-7.9.0-linux-x64.bin,abd78dc1a7c3a81a6231c52a0f3b57d0b8b9342b2552e2e9dd71a99b23c4bb78,2026-08-10,0,0,63,0
v7.9.0,repomatic-7.9.0-macos-arm64.bin,63fd00da061ef9b19a410132e55db3a3ccd0229815965e6117371fe162edf537,2026-08-10,1,0,60,0
v7.9.0,repomatic-7.9.0-macos-x64.bin,16dbd33f900b89007ba78dcb4ac167110b3f1f65ad3726893cc7f810a41a46f1,2026-08-10,1,0,60,0
v7.9.0,repomatic-7.9.0-windows-arm64.exe,2377a693f47edaac3f1af0d6fee3aecaeadf11893c69d5da986813c533568f9c,2026-08-10,2,0,66,0
v7.9.0,repomatic-7.9.0-windows-x64.exe,c73dbc1c733cb23ed4b0c8ef94343ccf1983e9510b16c638d6ea102928686b03,2026-08-10,17,0,53,0
v7.10.0,repomatic-7.10.0-linux-arm64.bin,06982107113460e5fc68533f60301ed91ad08044236ba5ce28a4a09e97853ba1,2026-08-12,1,0,60,0
v7.10.0,repomatic-7.10.0-linux-x64.bin,a9cfb0512ea2c8e4ed8aa583b90c317612bc14058293b3d967eb8059922458c3,2026-08-12,1,0,62,0
v7.10.0,repomatic-7.10.0-macos-arm64.bin,2c7350a0e80e54fd9262634116e538fb1bf9badd8c4739e97cd05bc51918ed01,2026-08-12,1,0,59,0
v7.10.0,repomatic-7.10.0-macos-x64.bin,6944837376d3ecf0abe157c67e7bf7e61f26006a4da838f853c914d980d92478,2026-08-12,0,0,61,0
v7.10.0,repomatic-7.10.0-windows-arm64.exe,9138ae8dd680915a433624f499fbe015cd6670a3b2149b7bfeb8f8863f88ad35,2026-08-12,3,0,65,0
v7.10.0,repomatic-7.10.0-windows-x64.exe,3f93fe6078af1fea483856b1b64471036db8e7b37e98a2b517b12dc7dc01405b,2026-08-12,15,0,55,0
v7.11.0,repomatic-7.11.0-linux-arm64.bin,86b8e114c3a017ae8a0d623a73dace467e0fdab9d7eb23a2f6ed123493b65155,2026-08-13,0,0,62,0
v7.11.0,repomatic-7.11.0-linux-x64.bin,329b2e6794a3d7dbb6d512c86659ce1515b4f3d6aeaacf2fac8a1b1a9fb3687a,2026-08-13,1,0,62,0
v7.11.0,repomatic-7.11.0-macos-arm64.bin,b5c054312b4500edc27888f9bc47b51e984c8d0bc3ab2487b4e1b3977b52ea48,2026-08-13,1,0,60,0
v7.11.0,repomatic-7.11.0-macos-x64.bin,f3f37d5450653625337db0fc4aad35a1072e40cf2a9f8f63f5ade1723868344f,2026-08-13,1,0,60,0
v7.11.0,repomatic-7.11.0-windows-arm64.exe,6f8f8fb25fde920298081d9f0d06eab6176ce40141b85d172a73579dbf2b293a,2026-08-13,3,0,65,0
v7.11.0,repomatic-7.11.0-windows-x64.exe,1e7740f01b879ccbdaf5073357cb7b3e3076515d429d69edfb9b3ce92089b324,2026-08-13,16,0,53,0
v7.12.0,repomatic-7.12.0-linux-arm64.bin,966dadf69e08ea890b3ce8df88d1ccc8e63559747e0d0884e341269d785f3024,2026-08-14,1,0,51,0
v7.12.0,repomatic-7.12.0-linux-x64.bin,6407a72ea1c12eb60f6a71804b614d3cfb7b8e59ab56cea24c1459d0f0c9bcf7,2026-08-14,1,0,61,0
v7.12.0,repomatic-7.12.0-macos-arm64.bin,4afba33641af1261f95ffd6ce3c463bd450ec0b993215c561bd06f7de0ae9746,2026-08-14,0,0,62,0
v7.12.0,repomatic-7.12.0-macos-x64.bin,55329fc479ee2e08f7612093e22d325914bfb944c47bf4f2e2aea33d82d71fe9,2026-08-14,0,0,61,0
v7.12.0,repomatic-7.12.0-windows-arm64.exe,299ccc227460634d016b9e52c24980d3eca4f58a77e8bdb4208d8c193a046981,2026-08-14,2,0,66,0
v7.12.0,repomatic-7.12.0-windows-x64.exe,7db28a017ff93caaad8e58bfd77220ca2ad7f15ae395de87eed70108f66346d1,2026-08-14,15,0,55,0
v7.12.1,repomatic-7.12.1-linux-arm64.bin,41918fc5f5d6a862840bcacf50a58fd623869e980227bf4e8c3305c11be1a5ef,2026-08-15,0,0,62,0
v7.12.1,repomatic-7.12.1-linux-x64.bin,aca0f9e6d27d55e0b1391e5e1e3283f0eda4b0e197f4d8560862911085f7dae8,2026-08-15,0,0,63,0
v7.12.1,repomatic-7.12.1-macos-arm64.bin,980c4e0bf9287e4e3adde6be3eca1882e7f6fa56ac95820e64ec789c4133b60b,2026-08-15,1,0,58,0
v7.12.1,repomatic-7.12.1-macos-x64.bin,36cb8418ec6c6d4505b01126e841e9125062d205415ecc34417c4349d0b17796,2026-08-15,0,0,60,0
v7.12.1,repomatic-7.12.1-windows-arm64.exe,94f68b927a4733b8bce527334bbd83d455d8bebe3851fe85a4377ac88f49aa35,2026-08-15,2,0,66,0
v7.12.1,repomatic-7.12.1-windows-x64.exe,7031b56e8c33df1ab16abed630f8a1c0c70b45f235a093758ab3d8086d4e9264,2026-08-15,15,0,55,0
v7.13.0,repomatic-7.13.0-linux-arm64.bin,a8446f8fab5cd0b883f7fa7aa6dbffbfe280769de8d422c891854990656d2bfe,2026-08-17,1,0,61,0
v7.13.0,repomatic-7.13.0-linux-x64.bin,69606c3e1c59f0eae07f1bac555ba27e8bbbd747b7c5816cf2660d0cfe0af41b,2026-08-17,0,0,63,0
v7.13.0,repomatic-7.13.0-macos-arm64.bin,8b60c0100596392ee012a73e13cec9a9d6355c2555ebcfe211c2998c1596136f,2026-08-17,0,0,60,0
v7.13.0,repomatic-7.13.0-macos-x64.bin,028a8500d52ef41f57ebfa296f1fa62f49ae99f7a3a7353902a14ee0f10e8cc6,2026-08-17,0,0,54,0
v7.13.0,repomatic-7.13.0-windows-arm64.exe,d787058c04c7e813c1abb45d761ddb9a29e035a2a0b5fde5fcf7923158b2833b,2026-08-17,3,0,63,0
v7.13.0,repomatic-7.13.0-windows-x64.exe,cab72a33aabbe40180212b8d63b29e66ce6d4faa840b2dffbd30cbe0e3df0dc8,2026-08-17,15,0,52,0
v7.14.0,repomatic-7.14.0-linux-arm64.bin,a5ee136774b4add6fc89eec94332db9794800f167baa15ad3e31b54380efdd41,2026-08-28,0,0,62,0
v7.14.0,repomatic-7.14.0-linux-x64.bin,1a92b549603a3648bf81ffd3749dcc159bc3a11d5830c40bf7f32951fdbb527d,2026-08-28,0,0,63,0
v7.14.0,repomatic-7.14.0-macos-arm64.bin,f4b7012292cb0805a6fcab183a4d339c2cfe2350c80f23e03818fd7d29355ff1,2026-08-28,0,0,57,0
v7.14.0,repomatic-7.14.0-macos-x64.bin,5b1b195c7f3f9325b39977dea474780a508c02a002bba6f97319c655acc372fc,2026-08-28,1,0,60,0
v7.14.0,repomatic-7.14.0-windows-arm64.exe,222570586038178d6cfdd8e83e4bc3214c8f0ec36c00106d2fb2d2e5c18717d6,2026-08-28,2,0,63,0
v7.14.0,repomatic-7.14.0-windows-x64.exe,90aab4753f305eecdda307645e09f6be12f4b1511f66b5b4e4b3c3ea7a16bf6f,2026-08-28,16,0,54,0
